{"mean": [877.9665780444044, 5977.201146207473, 6516.459028718817, 1336.9022445374317, 5361.146310672734, 1136.3401383410671, 26502.04690214162, 1054.4072178827678, 2631.3425564280774, 756.0746171184861, 709.7039998608084, 2058.0944780415734, 4967.631821568569, 807.0374548914426, 626.0374283378757, 3765.676618557554, 2090.164887468958, 1781.2382817376308, 375.074394562456, 4604.159901917215], "std": [396.38034415830595, 1794.8216120454322, 1748.6381694307645, 502.31398337999576, 2878.1349102563713, 521.956053208574, 11991.972957856608, 573.8277943037821, 1029.4624727815146, 431.548966753022, 424.253254261909, 869.089143869616, 1559.1952578889716, 452.13269229444035, 307.3239536339939, 1913.131154973226, 1023.5695880643987, 792.9230592930055, 194.21232480369113, 1562.6187028410855]}