{"mean": [11505.15801832548, 6.308, 4.910560000000001], "std": [2046.08293213906, 1.0450531086983093, 1.7771736230318074]}